dwg0,ram0,pub
dwg1,ram1,pub
dwg2,ram2,pub
dwg0,ram2,ext
dwg3,ram3,pub
dwg4,ram4,pub
dwg2,ram4,ext
dwg5,ram5,pub
dwg6,ram6,pub
dwg1,ram6,ext
dwg4,ram6,ext
dwg7,ram7,pub
dwg1,ram7,ext
dwg8,ram8,pub
dwg9,ram9,pub
dwg6,ram9,ext
dwg10,ram10,pub
dwg3,ram10,ext
dwg5,ram10,ext
dwg11,ram11,pub
dwg4,ram11,ext
dwg7,ram11,ext
dwg12,ram12,pub
dwg7,ram12,ext
dwg13,ram13,pub
dwg14,ram14,pub
dwg0,ram14,ext
dwg9,ram14,ext
dwg15,ram15,pub
dwg6,ram15,ext
dwg16,ram16,pub
dwg1,ram16,ext
dwg17,ram17,pub
dwg18,ram18,pub
dwg3,ram18,ext
dwg19,ram19,pub
dwg0,ram19,ext
dwg3,ram19,ext
dwg20,ram20,pub
dwg4,ram20,ext
dwg9,ram20,ext
dwg21,ram21,pub
dwg22,ram22,pub
dwg23,ram23,pub
dwg0,ram23,ext
dwg24,ram24,pub
dwg25,ram25,pub
dwg26,ram26,pub
dwg7,ram26,ext
dwg9,ram26,ext
dwg27,ram27,pub
dwg1,ram27,ext
dwg28,ram28,pub
dwg5,ram28,ext
dwg29,ram29,pub
dwg6,ram29,ext
dwg30,ram30,pub
dwg5,ram30,ext
dwg31,ram31,pub
dwg32,ram32,pub
dwg2,ram32,ext
dwg33,ram33,pub
dwg3,ram33,ext
dwg34,ram34,pub
dwg8,ram34,ext
dwg9,ram34,ext
dwg35,ram35,pub
dwg0,ram35,ext
dwg36,ram36,pub
dwg1,ram36,ext
dwg2,ram36,ext
dwg3,ram36,ext
dwg4,ram36,ext
dwg37,ram37,pub
dwg0,ram37,ext
dwg8,ram37,ext
dwg38,ram38,pub
dwg5,ram38,ext
dwg39,ram39,pub
dwg40,ram40,pub
dwg5,ram40,ext
dwg41,ram41,pub
dwg1,ram41,ext
dwg42,ram42,pub
dwg43,ram43,pub
dwg8,ram43,ext
dwg44,ram44,pub
dwg7,ram44,ext
dwg45,ram45,pub
dwg5,ram45,ext
dwg46,ram46,pub
dwg2,ram46,ext
dwg47,ram47,pub
dwg48,ram48,pub
dwg3,ram48,ext
dwg4,ram48,ext
dwg6,ram48,ext
dwg49,ram49,pub
